<?xml version='1.0' encoding='UTF-8'?>
<?atoc version='0.0.2'?>
<atoc>
<summary  count='3'  totalSize='5676069' >
<digs da='MD5'  count='1' />
<digs da='MD5'  count='1' />
</summary>
<cset n='native' >
<summary  count='2'  totalSize='5375249' >
<digs da='MD5'  count='1' />
<digs da='MD5'  count='1' />
</summary>
<cset q='file'  href='nq/native_file.xml'  size='688' md5='f632f7fb5542082f6c6c5d05a36cd1d5'>
<summary  count='1'  totalSize='12453' >
<digs da='MD5'  count='1' />
</summary>
</cset>
<cset q='zip'  href='nq/native_zip.xml'  size='672' md5='b6468f728479af5041125bb71d610926'>
<summary  count='1'  totalSize='5362796' >
<digs da='MD5'  count='1' />
</summary>
</cset>
</cset>
<cset n='eclipse' >
<summary  count='1'  totalSize='300820' >
<digs da='MD5'  count='1' />
</summary>
<cset q='plugin'  href='nq/eclipse_plugin.xml'  size='659' md5='0a86d4bb60957129234e5c16b25eee54'>
<summary  count='1'  totalSize='300820' >
<digs da='MD5'  count='1' />
</summary>
</cset>
</cset></atoc>