<?xml version='1.0' encoding='UTF-8'?>
<?repositoryDigest version='0.0.1'?>
<repositoryDigest>
  <repository>
    <property name='LayoutPolicy' value='P1'/>
    <property name='LayoutPolicyVersion' value='0.0.0.1'/>
    <offering id='com.ibm.tivoli.nckl' version='4.8.7'>
      <information name='%offering.display.name' version='4.8.7'>
        %offering.description
      </information>
      <property name='offering.type' value=''/>
      <property name='default.profile' value='IBM Netcool Knowledge Library'/>
      <property name='default.user.profile' value=''/>
      <property name='vendor.name' value='%vendor.name.value'/>
      <property name='offering.service.repositories' value=''/>
      <property name='offering.RequiresAdmin' value='false'/>
      <property name='supports.console.mode' value='true'/>
      <property name='offering.SupportsGroupMode' value='true'/>
      <property name='beta.compatible' value='true'/>
      <property name='OfferingReference.LicensesKinds' value=''/>
      <property name='OfferingReference.enablement.lum.id' value=''/>
      <property name='OfferingReference.enablement.lum.version' value=''/>
      <property name='supportedPlatforms' value='(|  (&amp;(os=aix)(|(arch=ppc)(arch=ppc64)))  (&amp;(os=linux)(|(arch=x86)(arch=x86_64)(arch=s390)(arch=s390x)))  (&amp;(os=solaris)(|(arch=sparc)(arch=sparc64)))  (&amp;(os=win32)(|(arch=x86)(arch=x86_64))))'/>
      <property name='supports.web.ui' value='true'/>
      <property name='import.profile.validation' value='true'/>
      <dictionary lang='default'>
        <property name='offering.display.name' value='Netcool/OMNIbus Knowledge Library'/>
        <property name='offering.description' value='Netcool/OMNIbus Knowledge Library (NcKL) Rules Files'/>
        <property name='vendor.name.value' value='IBM'/>
      </dictionary>
      <file name='Offerings/com.ibm.tivoli.nckl_4.8.7.jar' size='1488' MD5='f53167e0db2f2e3da89686d772641112'/>
      <file name='Offerings/com.ibm.tivoli.nckl_4.8.7_SE.jar' size='40475' MD5='8e51ac11d32958d167b975a03abbd711'/>
    </offering>
  </repository>
</repositoryDigest>
