<?xml version="1.0" encoding="UTF-8"?>
<?atoc version='0.0.1'?>
<cset q="plugin" >
<summary  count="1"  totalSize="300820" >
<digs da="MD5"  count="1" />
</summary>
<cset id="com.ibm.tivoli*" >
<summary  count="1"  totalSize="300820" >
<digs da="MD5"  count="1" />
</summary>
<cset v="4.*" >
<summary  count="1"  totalSize="300820" >
<digs da="MD5"  count="1" />
</summary>
<cset p="*" >
<summary  count="1"  totalSize="300820" >
<digs da="MD5"  count="1" />
</summary>
<af id="com.ibm.tivoli.nckl.license"  v="4.8.7.20171118_1730"  p=""  ex="false"  sz="300820" >
<dig da="MD5"  dv="de3095f44a5a12a3050a400327d39b94" />

</af>
</cset>
</cset>
</cset>
</cset>