<?xml version="1.0" encoding="UTF-8"?>
<?atoc version='0.0.1'?>
<cset q="file" >
<summary  count="1"  totalSize="12453" >
<digs da="MD5"  count="1" />
</summary>
<cset id="com.ibm.tivoli*" >
<summary  count="1"  totalSize="12453" >
<digs da="MD5"  count="1" />
</summary>
<cset v="1.*" >
<summary  count="1"  totalSize="12453" >
<digs da="MD5"  count="1" />
</summary>
<cset p="*" >
<summary  count="1"  totalSize="12453" >
<digs da="MD5"  count="1" />
</summary>
<af id="com.ibm.tivoli.omnibus.OMNIbusIMExtension"  v="1.0.0.7f6d81b1f9fddb567f5d17a45c538d32"  p="jar"  ex="false"  sz="12453" >
<dig da="MD5"  dv="cbaed56acf52d419e1545684e9868312" />

</af>
</cset>
</cset>
</cset>
</cset>