<?xml version="1.0" encoding="UTF-8"?>
<?atoc version='0.0.1'?>
<cset q="zip" >
<summary  count="1"  totalSize="5362796" >
<digs da="MD5"  count="1" />
</summary>
<cset id="com.ibm.tivoli*" >
<summary  count="1"  totalSize="5362796" >
<digs da="MD5"  count="1" />
</summary>
<cset v="1.*" >
<summary  count="1"  totalSize="5362796" >
<digs da="MD5"  count="1" />
</summary>
<cset p="*" >
<summary  count="1"  totalSize="5362796" >
<digs da="MD5"  count="1" />
</summary>
<af id="com.ibm.tivoli.nckl"  v="1.0.0.6d4d84eb906717fd5ddbbef20e7217de"  p=""  ex="false"  sz="5362796" >
<dig da="MD5"  dv="7cad57139bfdf1a014fb75910952a266" />

</af>
</cset>
</cset>
</cset>
</cset>